Title,Tweet Count
#Budget2023,39K
#PMQs,15K
#craghoppers,
#MagazinesInSongOrFilm,
#childcare,
#Budget2023,34K
#PMQs,14K
#childcare,
#LongCovidAwarenessDay,22K
#ShopSmartCookSavvy,
#Budget2023,26K
#PMQs,11K
#ShopSmartCookSavvy,
#ucuRISING,
#YoungCarersActionDay,
#Budget2023,13K
#PMQs,
#ucuRISING,
#ShopSmartCookSavvy,
#YoungCarersActionDay,
#Budget2023,
#ucuRISING,
#YoungCarersActionDay,
#LongCovidAwarenessDay,13K
#ShopSmartCookSavvy,
#ThisMorning,
#SaveOurSchools,
#KeepBBCLocalRadioLocal,
#TeacherStrike,
#Budget2023,
#ucuRISING,
#YoungCarersActionDay,
#LongCovidAwarenessDay,11K
#SaveOurSchools,
#TeacherStrike,
#PayUp,
#wednesdaythought,
#SwallowAware2023,
#IdesOfMarch,
#ASongOrMovieForPeanuts,
#WednesdayMotivation,18K
#tentothetop,
#ucuRISING,
#BudgetDay2023,
#LongCovidAwarenessDay,
#TeacherStrike,
#YoungCarersActionDay,
#SaveOurSchools,
#WednesdayMotivation,16K
#PayUp,
#SwallowAware2023,
#wednesdaythought,
#IdesOfMarch,
#ASongOrMovieForPeanuts,
#WednesdayWisdom,
#WDAD2023,
#childcare,
#ToriesOut251,
#closure,
#FFBWednesday,
#RoseWednesday,
#advertisingallin,
#WalkoutWednesday,
#TeacherStrike,
#BudgetDay2023,
#ucuRISING,
#LongCovidAwarenessDay,
#wednesdaythought,
#WednesdayMotivation,15K
#SaveOurSchools,
#IdesOfMarch,
#YoungCarersActionDay,
#PayUp,
#SwallowAware2023,
#FFBWednesday,
#WDAD2023,
#RoseWednesday,
#TedLasso,
#childcare,
#closure,
#sunrise,
#ToriesOut251,
#WalkoutWednesday,
#earlybiz,
#RMALIV,
#firstbirdofmyday,
#BudgetDay2023,
#TeacherStrike,
#ucuRISING,
#WednesdayMotivation,14K
#wednesdaythought,
#FFBWednesday,
#LongCovidAwarenessDay,
#IdesOfMarch,
#SaveOurSchools,
#earlybiz,
#sunrise,
#RoseWednesday,
#SwallowAware2023,
#PayUp,
#TedLasso,
#firstbirdofmyday,
#YoungCarersActionDay,
#childcare,
#ToryCostOfGreedCrisis,
#GiftBetter,
#BM100,
#MCIRBL,50K
#JuniorDoctorsStrike,26K
#wednesdaythought,
#FFBWednesday,
#bbcdn,
#MCIRBL,50K
#JuniorDoctorsStrike,26K
#bbcdn,
#PiDay,58K
#BritishScienceWeek2023,
#MCIRBL,49K
#CheltenhamFestival,21K
#bbcdn,
#JuniorDoctorsStrike,26K
#britishscienceweek2023,
#MCIRBL,49K
#CheltenhamFestival,21K
#bbcdn,
#JuniorDoctorsStrike,26K
#britishscienceweek2023,
#MCIRBL,49K
#CheltenhamFestival,21K
#JuniorDoctorsStrike,26K
#bbcdn,
#britishscienceweek2023,
#MCIRBL,49K
#bbcdn,
#Paula,
#ChampionsLeague,19K
#MCFC,10K
#MAFSAU,
#PUSB,
#pnefc,
#bcfc,
#interiordesignmasters,
#GreatBritishMenu,
#SCFC,
#ALeagueOfTheirOwn,33K
#MartinLewis,
#cafc,
#TheSims4,
#pufc,
#Millwall,
#MCIRBL,49K
#bbcdn,
#MCFC,10K
#Paula,
#ChampionsLeague,19K
#MAFSAU,
#PUSB,
#pnefc,
#bcfc,
#interiordesignmasters,
#GreatBritishMenu,
#WatfordFC,
#SCFC,
#ALeagueOfTheirOwn,31K
#MartinLewis,
#cafc,
#TheSims4,
#pufc,
#Millwall,
#MCIRBL,48K
#ChampionsLeague,19K
#bbcdn,
#MCFC,10K
#Paula,
#MCIRBL,48K
#bbcdn,
#ChampionsLeague,18K
#MCFC,
#Paula,
#MCIRBL,47K
#bbcdn,
#ChampionsLeague,18K
#MCFC,
#PUSB,
#MCIRBL,46K
#bbcdn,
#ChampionsLeague,17K
#MCFC,
#PUSB,
#MCIRBL,42K
#bbcdn,
#ChampionsLeague,15K
#MCFC,
#GreatBritishMenu,
#MCIRBL,28K
#bbcdn,
#GreatBritishMenu,
#interiordesignmasters,
#MartinLewis,
#AncestryHour,
#Hollyoaks,
#Cheltenham2023,
#Sims4,
#TheChase,
#Cheltenham2023,
#Sims4,
#TheChase,
#DominosPiDay,11K
#BritishScienceWeek2023,
